,train loss,test_acc,test_loss
0,2.112237736582756,0.3688,1.9080394134399996
1,1.2129847705364227,0.4031,2.1840921701139706
2,1.0303378403186798,0.5474,1.442802027152602
3,0.9475817680358887,0.6065,1.2601542579140632
4,0.8743929862976074,0.7081,0.8370356138344783
5,0.7927626892924309,0.725,0.7802731550423203
6,0.7460538372397423,0.7037,0.9311981102463546
7,0.7001761943101883,0.7599,0.722141581925617
8,0.6980147063732147,0.7351,0.85630320553567
9,0.6839957945048809,0.7758,0.6717065255733052
