,train loss,test_acc,test_loss
0,0.4998534843325615,0.8298,0.5135420982245427
1,0.4977128691971302,0.8299,0.5156027995477057
2,0.4993387907743454,0.832,0.5133525604844853
3,0.5203112550079823,0.8312,0.5160516532743054
4,0.522330068051815,0.8299,0.5164687531009601
5,0.5337115153670311,0.8314,0.5140509031190994
6,0.5178931578993797,0.8308,0.5144457894905358
7,0.5265773124992847,0.8311,0.5155158462418112
8,0.5366105325520039,0.8316,0.5137336474315376
9,0.5088775902986526,0.8311,0.5142638882633986
