,train loss,test_acc,test_loss
0,1.672516793012619,0.4882,1.490588322566573
1,1.0781679600477219,0.5932,1.2683578372760942
2,0.8776069805026054,0.7313,0.7894200075204205
3,0.7669187188148499,0.7242,0.8269119498076712
4,0.6778247430920601,0.7651,0.6967071251125093
5,0.5732839293777943,0.7778,0.6706500609589231
6,0.5648123882710934,0.7674,0.7303811287993838
7,0.5191498175263405,0.8165,0.5733288336711325
8,0.5021031312644482,0.7894,0.6699770212553109
9,0.4392145164310932,0.8099,0.568282043098644
