,train loss,test_acc,test_loss
0,2.3049235343933105,0.5134,1.4081465841098955
1,1.1901775300502777,0.6282,1.0554272870349277
2,1.0032399222254753,0.626,1.1310827675139068
3,0.8473750054836273,0.6517,1.0747630311425325
4,0.7950388044118881,0.7027,0.8911869617024805
5,0.7174389697611332,0.7292,0.7841551696798604
6,0.688928946852684,0.7458,0.7597854919494338
7,0.6638772264122963,0.7923,0.6198895577412502
8,0.5521547719836235,0.7989,0.5858683663948326
9,0.5226617716252804,0.7888,0.6337099320189968
