,train loss,test_acc,test_loss
0,1.6067035049200058,0.5457,1.303677810984812
1,1.1156227141618729,0.6679,0.9655695094424448
2,0.9138420447707176,0.7241,0.8096571553284955
3,0.815081313252449,0.7439,0.7383031249046326
4,0.7015536464750767,0.7835,0.6433724449698333
5,0.608239009976387,0.7967,0.5926153638939948
6,0.5939814448356628,0.8067,0.5721071569403265
7,0.563800573348999,0.8103,0.5608451838136479
8,0.4797636680305004,0.8098,0.5757562994577323
9,0.4411313459277153,0.8251,0.5305568130722471
