,train loss,test_acc,test_loss
0,0.5363801270723343,0.8313,0.5147147119804553
1,0.5231289304792881,0.8309,0.5160194101037493
2,0.5234500430524349,0.8314,0.5135721455144274
3,0.5101046040654182,0.832,0.5130592084424511
4,0.5394753813743591,0.8315,0.5145590414477003
5,0.4995567090809345,0.831,0.5153079069913573
6,0.5257994830608368,0.8306,0.5155761920532603
7,0.5188015475869179,0.8306,0.5140348759236609
8,0.503898698836565,0.8308,0.5145946934724309
9,0.5074077397584915,0.8324,0.5126403666985263
