,train loss,test_acc,test_loss
0,1.6326924562454224,0.5777,1.185149957040313
1,1.1821843683719635,0.5991,1.1005763662089207
2,1.0242895856499672,0.6868,0.8887354978330576
3,0.8945035263895988,0.7154,0.8197065420970795
4,0.8195221275091171,0.7271,0.7787807718583732
5,0.7482244223356247,0.7356,0.7714857728617965
6,0.715799018740654,0.7449,0.7445641562437556
7,0.6756901368498802,0.7693,0.6789991679085288
8,0.6293404251337051,0.7865,0.6305573077718164
9,0.6414378732442856,0.7959,0.5870569522973079
