,train loss,test_acc,test_loss
0,2.0164522230625153,0.5643,1.247904381934245
1,1.0588745176792145,0.6364,1.0662329891684708
2,0.9065424278378487,0.7248,0.811956846979773
3,0.7869115695357323,0.7682,0.6820732842964731
4,0.6906028836965561,0.7688,0.6825814211064842
5,0.6309494227170944,0.7636,0.7067090616484356
6,0.5502328537404537,0.7904,0.6298824528789824
7,0.5027295872569084,0.8071,0.5763851928103502
8,0.5095048174262047,0.8188,0.5367025892445996
9,0.43194006010890007,0.832,0.5070021470451052
