,train loss,test_acc,test_loss
0,1.6108853071928024,0.553,1.2854660290062048
1,1.0733114182949066,0.6683,0.9763018018121172
2,0.8798925578594208,0.7253,0.8007944712213649
3,0.7481212355196476,0.7614,0.70046966034136
4,0.6943225562572479,0.7397,0.8010664589845451
5,0.6137192994356155,0.7937,0.6151788210033611
6,0.6030255556106567,0.7941,0.6268688296056857
7,0.548173800110817,0.8022,0.5966395073255916
8,0.49864551797509193,0.8198,0.5274124640947694
9,0.4857528544962406,0.8143,0.5530220025284275
