,train loss,test_acc,test_loss
0,0.5021086484193802,0.8313,0.5154153722676502
1,0.5238388478755951,0.8318,0.5125387135394819
2,0.5069986134767532,0.8309,0.5154019279085147
3,0.5172949805855751,0.8321,0.5139652001819793
4,0.49132727459073067,0.831,0.5155792678617368
5,0.4871787019073963,0.8309,0.5134681224063703
6,0.5335000604391098,0.8301,0.5168552089268994
7,0.5269778445363045,0.831,0.5143980634440283
8,0.4950515553355217,0.8321,0.512951593679987
9,0.5485368818044662,0.8315,0.5128028035923174
