,train loss,test_acc,test_loss
0,2.005415365099907,0.5197,1.3699051232854271
1,1.1017158702015877,0.6631,0.9643495553618024
2,0.8296894282102585,0.7049,0.8681737567968429
3,0.7848870381712914,0.7474,0.7578871760778366
4,0.6657107546925545,0.7912,0.622589926810781
5,0.5724824145436287,0.8032,0.591374129436578
6,0.5248438157141209,0.7891,0.6591930862065334
7,0.45350993797183037,0.8143,0.5587726522023511
8,0.4249282293021679,0.8077,0.5906628108328316
9,0.4206898882985115,0.8172,0.5753951076489345
