,train loss,test_acc,test_loss
0,0.5057207457721233,0.8304,0.5147411334476654
1,0.5106270238757133,0.8312,0.5136917102488743
2,0.5172421410679817,0.8314,0.5156207554469443
3,0.5353328660130501,0.8304,0.5140216058226907
4,0.5100098885595798,0.8308,0.514384230136112
5,0.49570299685001373,0.8312,0.5139349351642998
6,0.535344872623682,0.8305,0.513397751245529
7,0.484240148216486,0.8314,0.5129954004363649
8,0.48868606984615326,0.8312,0.5143411662548211
9,0.5075090564787388,0.8311,0.5130856190897097
