,train loss,test_acc,test_loss
0,0.5218181200325489,0.8311,0.5161272470548655
1,0.5064202360808849,0.8308,0.5149962740718939
2,0.5293222665786743,0.832,0.5132558081939722
3,0.5143249481916428,0.8313,0.5151136315362469
4,0.517291896045208,0.8316,0.5151667370917691
5,0.5405389964580536,0.8302,0.5144697327143067
6,0.5142581090331078,0.8297,0.5140323645559846
7,0.5027585923671722,0.8316,0.5121457069922405
8,0.5129403583705425,0.8314,0.5152878846712173
9,0.5375043712556362,0.8306,0.5146376613978367
