,train loss,test_acc,test_loss
0,1.989798754453659,0.4533,1.5221007561228077
1,1.4517063051462173,0.5277,1.3061723196582429
2,1.2351446598768234,0.5683,1.1828507416567224
3,1.1676484942436218,0.6134,1.0642366177716833
4,1.0946826934814453,0.6431,1.000790889855403
5,1.0290745422244072,0.666,0.9478546570820413
6,0.9464355036616325,0.6869,0.8861024132959402
7,0.9355415105819702,0.6956,0.8687419777463197
8,0.8741160854697227,0.7257,0.7981987851820175
9,0.8517486602067947,0.7192,0.8016911243936818
