,train loss,test_acc,test_loss
0,0.506455160677433,0.8311,0.5144821823022927
1,0.49746162071824074,0.8321,0.5134338582776914
2,0.5050863809883595,0.831,0.5141950672978808
3,0.5074501037597656,0.8306,0.5132712700944038
4,0.5006091818213463,0.8305,0.5146322358565726
5,0.5237834267318249,0.831,0.5151716430855405
6,0.5343623496592045,0.831,0.5139812320280986
7,0.5050711594521999,0.8317,0.5136127952177814
8,0.4982195384800434,0.8318,0.514614858160353
9,0.5235598348081112,0.8328,0.5131227066562434
