,train loss,test_acc,test_loss
0,0.5161274708807468,0.8311,0.5142160438618083
1,0.4999971091747284,0.8318,0.5150459423945968
2,0.5462141185998917,0.8316,0.5134475519702693
3,0.5084250308573246,0.8309,0.5141992359214528
4,0.4912321865558624,0.8307,0.5121777942226191
5,0.5222157090902328,0.8302,0.5154703686571425
6,0.4741625338792801,0.8305,0.5150455976747403
7,0.5083656683564186,0.8312,0.514840310071684
8,0.533234242349863,0.832,0.5137719514833134
9,0.5054871998727322,0.8311,0.5161050051260906
