,train loss,test_acc,test_loss
0,2.165505573153496,0.4757,1.5905257820323775
1,1.1638297513127327,0.6355,1.0261994987536387
2,0.9369629323482513,0.716,0.8483188723682598
3,0.8091943636536598,0.7247,0.8657861021673603
4,0.7182306908071041,0.7735,0.6653630264625428
5,0.6872325949370861,0.768,0.7153042818710302
6,0.5952093936502934,0.8045,0.5788378204889358
7,0.5721574909985065,0.8095,0.5674574325798424
8,0.5563665740191936,0.8237,0.5301523835985524
9,0.49470970034599304,0.8109,0.5805477460098875
