,train loss,test_acc,test_loss
0,0.5233138836920261,0.831,0.5155467402403522
1,0.5306172072887421,0.8316,0.514245220240514
2,0.5154836364090443,0.8311,0.5151665833345644
3,0.5229301117360592,0.8308,0.5147983786786438
4,0.5290514789521694,0.8313,0.5122621382118031
5,0.5269458629190922,0.8319,0.5142807962408491
6,0.513861533254385,0.8319,0.5120312036222713
7,0.4972539432346821,0.8303,0.5137175923320139
8,0.507867768406868,0.832,0.5143917121325329
9,0.5656887292861938,0.8313,0.51516419744036
