,train loss,test_acc,test_loss
0,0.5196597650647163,0.8316,0.5141572875391905
1,0.5217984020709991,0.8317,0.5147791212531412
2,0.5149179846048355,0.8302,0.5155153578254068
3,0.5404235832393169,0.83,0.5138914553792613
4,0.5135628059506416,0.8302,0.5156679171475635
5,0.5335184000432491,0.831,0.5142647908751372
6,0.5092669315636158,0.8302,0.5150449880558974
7,0.5037661343812943,0.8311,0.5157886987468999
8,0.5142427496612072,0.8322,0.5141843545968365
9,0.4921066574752331,0.8309,0.5134290052447349
