,train loss,test_acc,test_loss
0,0.5394423715770245,0.8316,0.5129227733156484
1,0.527108334004879,0.8308,0.5141610783186688
2,0.5123083852231503,0.8306,0.5152564678032687
3,0.5161104500293732,0.8315,0.5139992695515323
4,0.5324120037257671,0.832,0.5145510751160847
5,0.5328733511269093,0.8304,0.5155067464728265
6,0.5186525471508503,0.8313,0.512739897438675
7,0.49576660990715027,0.8304,0.51403641719727
8,0.5354049988090992,0.8308,0.5135033636525937
9,0.5301066003739834,0.8311,0.515916239114324
