,train loss,test_acc,test_loss
0,0.5111848264932632,0.8316,0.5142836847882362
1,0.5317679010331631,0.831,0.5141249879909928
2,0.5025113560259342,0.8313,0.5150939728234224
3,0.5155106373131275,0.8317,0.5138608352963332
4,0.5253772474825382,0.8311,0.516023946036199
5,0.5017106384038925,0.831,0.5156212899905102
6,0.5299275405704975,0.8302,0.5137774621605113
7,0.5106249116361141,0.8311,0.5153068463513806
8,0.5035324729979038,0.8313,0.5141444250846364
9,0.4969445690512657,0.8299,0.5173888782596892
