,train loss,test_acc,test_loss
0,1.6571287214756012,0.5623,1.2150259325458745
1,1.0882190316915512,0.678,0.912998464456789
2,0.9269969165325165,0.7232,0.805843870351269
3,0.8324851170182228,0.75,0.7443806568908083
4,0.7302483581006527,0.7643,0.6987031859577082
5,0.6731058433651924,0.7768,0.6570860790978571
6,0.6241787821054459,0.7892,0.6295675838449198
7,0.6030022576451302,0.7912,0.6330637159241232
8,0.5826543606817722,0.8039,0.5925117956984575
9,0.47123562172055244,0.8033,0.6049127696426051
