,train loss,test_acc,test_loss
0,1.772798091173172,0.4997,1.3828332613987528
1,1.2782700508832932,0.5832,1.1689518204160556
2,1.092329666018486,0.6465,0.9992977562983325
3,1.000026397407055,0.6832,0.9078970084524458
4,0.9469746053218842,0.7143,0.8206398422551003
5,0.87680234760046,0.7364,0.743393718247201
6,0.7823528125882149,0.7241,0.8013506169152108
7,0.7513491362333298,0.7638,0.6995604453952449
8,0.7141649574041367,0.7611,0.6977080940061314
9,0.6667070165276527,0.7905,0.6227026164152061
