,train loss,test_acc,test_loss
0,1.9584869742393494,0.4289,1.5677790558262237
1,1.6065635830163956,0.4757,1.4338124823418392
2,1.3988633453845978,0.5319,1.3039509969152463
3,1.3101376742124557,0.5649,1.1978934991891217
4,1.2275165617465973,0.6036,1.1095464616824107
5,1.160173013806343,0.5934,1.1513259646239553
6,1.1404177993535995,0.6168,1.0829065100402588
7,1.0718786120414734,0.628,1.053118506814264
8,1.0261404886841774,0.6677,0.9466552267408674
9,1.0345547571778297,0.6795,0.9165438295929296
