,train loss,test_acc,test_loss
0,0.5350186042487621,0.8313,0.5150036590683992
1,0.5231275036931038,0.83,0.5143863421147037
2,0.5113277919590473,0.831,0.5166928834596257
3,0.48609812557697296,0.8314,0.5162224252322677
4,0.5389488972723484,0.8302,0.5141958032444025
5,0.5249059572815895,0.8316,0.5143895969269382
6,0.5068859308958054,0.8311,0.5147057775479214
7,0.5244871228933334,0.8313,0.515148869080908
8,0.5311816744506359,0.8316,0.5137289865001752
9,0.5338296070694923,0.8312,0.512833164660794
