,train loss,test_acc,test_loss
0,0.5052297003567219,0.8313,0.5144687931818567
1,0.5280973091721535,0.8306,0.5169323563196098
2,0.5188660696148872,0.8318,0.5145484565929243
3,0.5002545639872551,0.8314,0.5150612401924316
4,0.5094865523278713,0.8319,0.5135803911716316
5,0.5071127042174339,0.8314,0.5141791917715862
6,0.519417267292738,0.831,0.515063362136768
7,0.4931528903543949,0.8308,0.5150956002769956
8,0.5095165967941284,0.8326,0.5119189902855332
9,0.5211075618863106,0.8308,0.5140065173054956
