,train loss,test_acc,test_loss
0,0.5186845771968365,0.8311,0.5158530891321267
1,0.5203219465911388,0.8309,0.5166186328716339
2,0.4973277822136879,0.8309,0.5157383864472627
3,0.5169711783528328,0.8307,0.5144836586561932
4,0.4969438873231411,0.8318,0.5127184046491696
5,0.5356922671198845,0.8309,0.5143524493761124
6,0.5408452041447163,0.8304,0.515842646550221
7,0.519023172557354,0.8315,0.5130093735494431
8,0.5030339770019054,0.8312,0.5160255687441796
9,0.4918888173997402,0.8311,0.5131151359172383
